{
  "conductivity_sim": 99.0327052308438,
  "stability_sim": 0.8289755567640535,
  "composition": {
    "A": 0.76,
    "B": 0.2
  },
  "candidate_id": "cand_6916"
}